target,residue_id,top5_contact_frequency,contact_rows,mean_min_distance,min_min_distance,hydrophobic_hits,aromatic_hits,polar_hbond_like_hits,polar_hits,halogen_hits,close_hits
MAPK1,GLUA33,5/5,5,3.648,3.129,0,0,1,3,0,5
MAPK1,ILEA31,5/5,5,3.611,3.36,4,0,0,0,0,5
MAPK1,LEUA156,5/5,5,3.388,3.148,4,0,0,0,0,5
MAPK1,VALA39,5/5,5,3.562,3.133,5,0,0,0,0,5
MAPK1,ALAA52,4/5,4,3.657,3.395,4,0,0,0,0,3
MAPK1,ASPA106,4/5,4,3.764,3.443,0,0,1,3,0,3
MAPK1,ASPA111,4/5,4,3.403,3.15,0,0,0,4,1,3
MAPK1,ASPA167,4/5,4,3.305,2.515,0,0,2,4,0,4
MAPK1,CYSA166,4/5,4,3.758,2.848,0,0,0,2,0,4
MAPK1,GLNA105,4/5,4,3.295,2.918,0,0,1,4,0,4
MAPK1,GLYA32,4/5,4,3.955,3.747,0,0,0,0,0,4
MAPK1,ILEA84,4/5,4,3.783,3.129,2,0,0,0,0,3
PKM2,ASPB354,5/5,5,3.624,3.216,0,0,1,3,0,4
PKM2,LYSA311,5/5,5,3.311,2.68,0,0,1,4,0,4
PKM2,LYSB311,5/5,5,2.542,1.91,0,0,4,5,0,5
PKM2,META30,5/5,5,3.803,3.412,2,0,0,0,0,5
PKM2,PHEA26,5/5,5,3.573,3.432,5,5,0,0,0,5
PKM2,PHEB26,5/5,5,3.583,3.498,5,5,0,0,0,5
PKM2,ILEA389,4/5,4,3.324,3.122,2,0,0,0,0,4
PKM2,ILEB389,4/5,4,3.693,3.474,2,0,0,0,0,4
PKM2,LEUA353,4/5,4,3.16,2.435,4,0,1,0,0,4
PKM2,LEUB353,4/5,4,3.622,3.55,4,0,0,0,0,4
PKM2,TYRA390,4/5,4,2.075,1.798,1,4,3,4,1,4
PKM2,TYRB390,4/5,4,2.43,1.901,0,3,2,4,0,4
