target,split,model,train_rows,test_rows,train_actives,test_actives,ap,roc_auc,ef_0_5pct,ef_1pct,ef_2pct,bedroc20,seed
PKM2,random,logreg_balanced,64000,16000,437,109,0.04229749888097971,0.8337839374777367,14.678899082568806,12.844036697247706,10.55045871559633,0.3699771595530427,11
PKM2,random,random_forest_balanced,64000,16000,437,109,0.24470609335405408,0.7846178582418413,55.04587155963302,32.11009174311926,20.183486238532108,0.4505840743500243,11
PKM2,random,lightgbm_weighted,64000,16000,437,109,0.33307384873920803,0.8536110971590289,69.72477064220183,39.449541284403665,22.01834862385321,0.5453800429809339,11
PKM2,random,xgboost_weighted,64000,16000,437,109,0.27101469030484754,0.8512989003642359,56.88073394495412,37.61467889908256,23.85321100917431,0.5396685047236647,11
PKM2,scaffold,logreg_balanced,64000,16000,473,73,0.031012252533048863,0.8268598769557339,21.91780821917808,16.438356164383563,11.643835616438356,0.3318680716054445,11
PKM2,scaffold,random_forest_balanced,64000,16000,473,73,0.050926535239966035,0.7501950250758812,24.65753424657534,21.91780821917808,14.383561643835616,0.38328756720761864,11
PKM2,scaffold,lightgbm_weighted,64000,16000,473,73,0.12264262164006037,0.8362339819260994,41.09589041095891,32.87671232876713,19.178082191780824,0.4788007658369768,11
PKM2,scaffold,xgboost_weighted,64000,16000,473,73,0.13719668490127535,0.8318303286140276,49.31506849315068,30.136986301369863,19.863013698630137,0.4640232154043649,11
MAPK1,random,logreg_balanced,49592,12398,242,60,0.013875278114234524,0.731952099205706,0.0,4.999193548387097,5.832392473118279,0.1812794221723706,11
MAPK1,random,random_forest_balanced,49592,12398,242,60,0.02784803888946548,0.6377715188847463,13.331182795698924,8.331989247311826,8.331989247311826,0.20856757079680557,11
MAPK1,random,lightgbm_weighted,49592,12398,242,60,0.05437949449786109,0.7591438374669044,19.996774193548386,11.664784946236558,10.831586021505375,0.27193953750168454,11
MAPK1,random,xgboost_weighted,49592,12398,242,60,0.03235698732472451,0.7883773707245907,9.998387096774193,9.998387096774193,6.665591397849462,0.25440521260693083,11
MAPK1,scaffold,logreg_balanced,49592,12398,252,50,0.019616199657565763,0.793742306446388,3.999354838709677,5.999032258064516,8.998548387096774,0.2799199065285349,11
MAPK1,scaffold,random_forest_balanced,49592,12398,252,50,0.02963823390308773,0.6826409135082605,15.997419354838708,11.998064516129032,8.998548387096774,0.21896647938738675,11
MAPK1,scaffold,lightgbm_weighted,49592,12398,252,50,0.08026065269988757,0.7925542597991577,27.995483870967742,19.996774193548386,13.997741935483871,0.34587320638273206,11
MAPK1,scaffold,xgboost_weighted,49592,12398,252,50,0.0654323982690344,0.7550971817298348,27.995483870967742,17.997096774193547,10.998225806451613,0.3122662541652366,11
PKM2,random,logreg_balanced,64000,16000,437,109,0.04930461527036136,0.8514033966488446,7.339449541284403,8.256880733944953,10.091743119266054,0.38175874120001557,23
PKM2,random,random_forest_balanced,64000,16000,437,109,0.22507649451113737,0.7949147835685654,45.871559633027516,33.027522935779814,22.935779816513758,0.5097987009208933,23
PKM2,random,lightgbm_weighted,64000,16000,437,109,0.2971712788548354,0.8922400828118623,56.88073394495412,40.366972477064216,25.229357798165136,0.5712401386048377,23
PKM2,random,xgboost_weighted,64000,16000,437,109,0.2681135346573799,0.8859524085816275,55.04587155963302,35.77981651376147,22.477064220183486,0.5519101911213871,23
PKM2,scaffold,logreg_balanced,64000,16000,471,75,0.01991189320383626,0.7607748822605966,10.666666666666666,8.0,4.666666666666667,0.25058886522730395,23
PKM2,scaffold,random_forest_balanced,64000,16000,471,75,0.04604382607215704,0.7274478283621141,29.333333333333332,20.0,14.666666666666666,0.3722212615230112,23
PKM2,scaffold,lightgbm_weighted,64000,16000,471,75,0.15639284091647104,0.7874712715855574,50.666666666666664,30.666666666666668,20.0,0.4662214110370725,23
PKM2,scaffold,xgboost_weighted,64000,16000,471,75,0.15890197213590265,0.7861249607535322,42.666666666666664,29.333333333333332,18.666666666666668,0.43683636021850575,23
MAPK1,random,logreg_balanced,49592,12398,242,60,0.02321838136651538,0.7646545901550764,9.998387096774193,9.998387096774193,9.16518817204301,0.29995213350943056,23
MAPK1,random,random_forest_balanced,49592,12398,242,60,0.05450695904748053,0.5789978116388395,19.996774193548386,13.331182795698924,8.331989247311826,0.19589172169850472,23
MAPK1,random,lightgbm_weighted,49592,12398,242,60,0.03415092201862012,0.6983742637920787,13.331182795698924,9.998387096774193,5.832392473118279,0.18281499559830433,23
MAPK1,random,xgboost_weighted,49592,12398,242,60,0.029517121949451844,0.7519985681093639,16.663978494623652,13.331182795698924,6.665591397849462,0.2520342180755219,23
MAPK1,scaffold,logreg_balanced,49592,12398,250,52,0.013714008504918844,0.7714698937058406,3.8455334987593046,1.9227667493796523,3.8455334987593046,0.23160617652037435,23
MAPK1,scaffold,random_forest_balanced,49592,12398,250,52,0.02836858860067306,0.6513881792919539,11.536600496277915,9.613833746898262,8.652450372208436,0.20923401719491444,23
MAPK1,scaffold,lightgbm_weighted,49592,12398,250,52,0.08140273037097458,0.75988174307468,26.918734491315135,15.382133995037218,12.49798387096774,0.32807293806648913,23
MAPK1,scaffold,xgboost_weighted,49592,12398,250,52,0.06387084273441132,0.7595024548592506,26.918734491315135,17.304900744416873,12.49798387096774,0.30165801578935464,23
PKM2,random,logreg_balanced,64000,16000,437,109,0.05035591409636539,0.8514481395331382,9.174311926605505,10.091743119266054,9.633027522935778,0.3830797939036432,42
PKM2,random,random_forest_balanced,64000,16000,437,109,0.1467446190292385,0.7548981911750867,44.03669724770642,29.357798165137613,16.972477064220183,0.4073524987121625,42
PKM2,random,lightgbm_weighted,64000,16000,437,109,0.29945119016812105,0.8469319948571662,60.55045871559633,35.77981651376147,24.77064220183486,0.5593457620251117,42
PKM2,random,xgboost_weighted,64000,16000,437,109,0.23752609878816178,0.8328607907424375,53.211009174311926,33.944954128440365,22.477064220183486,0.5134306773216828,42
PKM2,scaffold,logreg_balanced,64000,16000,469,77,0.021137543042089126,0.7851144020207639,25.974025974025974,12.987012987012987,9.09090909090909,0.32007047652878995,42
PKM2,scaffold,random_forest_balanced,64000,16000,469,77,0.060017457646280865,0.6882248254791117,28.57142857142857,19.48051948051948,12.337662337662337,0.32825505355042933,42
PKM2,scaffold,lightgbm_weighted,64000,16000,469,77,0.13270434931610134,0.7787028646791254,38.96103896103896,27.272727272727273,17.532467532467532,0.43962326540875857,42
PKM2,scaffold,xgboost_weighted,64000,16000,469,77,0.16030655422009338,0.7769888530109594,49.35064935064935,31.16883116883117,18.18181818181818,0.43377861529475714,42
MAPK1,random,logreg_balanced,49592,12398,242,60,0.015064450745916879,0.7720761063381423,3.332795698924731,3.332795698924731,2.4995967741935483,0.1786101550245846,42
MAPK1,random,random_forest_balanced,49592,12398,242,60,0.02256690932214031,0.6204638785324472,13.331182795698924,8.331989247311826,5.832392473118279,0.16484746504719433,42
MAPK1,random,lightgbm_weighted,49592,12398,242,60,0.02525619360505205,0.731266547792727,9.998387096774193,6.665591397849462,4.999193548387097,0.18387108560560086,42
MAPK1,random,xgboost_weighted,49592,12398,242,60,0.028788396696743088,0.7537242664937591,9.998387096774193,9.998387096774193,7.4987903225806445,0.24084167446056703,42
MAPK1,scaffold,logreg_balanced,49592,12398,250,52,0.014363215128969311,0.7643023589078992,0.0,1.9227667493796523,0.9613833746898262,0.21991052263724362,42
MAPK1,scaffold,random_forest_balanced,49592,12398,250,52,0.02590519898871494,0.6553819985295767,15.382133995037218,11.536600496277915,6.729683622828784,0.1912759570253313,42
MAPK1,scaffold,lightgbm_weighted,49592,12398,250,52,0.07216515409437951,0.7231819088088325,26.918734491315135,19.227667493796524,10.575217121588087,0.2907634947702821,42
MAPK1,scaffold,xgboost_weighted,49592,12398,250,52,0.057517498443140115,0.7817542897730814,23.07320099255583,13.459367245657567,9.613833746898262,0.30934834343201134,42
PKM2,random,logreg_balanced,64000,16000,437,109,0.04418462108154575,0.81120061612395,11.009174311926605,7.339449541284403,10.55045871559633,0.37462184047116054,67
PKM2,random,random_forest_balanced,64000,16000,437,109,0.22190946351712815,0.7387653504176099,53.211009174311926,33.944954128440365,20.183486238532108,0.474353961423896,67
PKM2,random,lightgbm_weighted,64000,16000,437,109,0.3328286893404513,0.8311276534695364,69.72477064220183,42.20183486238532,23.394495412844034,0.555274389422456,67
PKM2,random,xgboost_weighted,64000,16000,437,109,0.24852968856602897,0.8429715279377457,58.715596330275226,40.366972477064216,22.477064220183486,0.5232280002018824,67
PKM2,scaffold,logreg_balanced,64000,16000,473,73,0.023963123236799153,0.7743832950163889,2.73972602739726,1.36986301369863,6.8493150684931505,0.2723481132314508,67
PKM2,scaffold,random_forest_balanced,64000,16000,473,73,0.03962111760170963,0.6942798091635554,24.65753424657534,20.547945205479454,12.32876712328767,0.33934084171063944,67
PKM2,scaffold,lightgbm_weighted,64000,16000,473,73,0.14394094455877654,0.7671740328949462,46.57534246575342,27.397260273972602,17.123287671232877,0.4323880980532622,67
PKM2,scaffold,xgboost_weighted,64000,16000,473,73,0.13543599190463693,0.7938341972922691,43.83561643835616,28.767123287671232,17.123287671232877,0.42716900767276933,67
MAPK1,random,logreg_balanced,49592,12398,242,60,0.014184893140285204,0.7292382611984656,6.665591397849462,4.999193548387097,4.165994623655913,0.19698720059303415,67
MAPK1,random,random_forest_balanced,49592,12398,242,60,0.01230291697342186,0.6242698708596747,6.665591397849462,4.999193548387097,6.665591397849462,0.17341629585746526,67
MAPK1,random,lightgbm_weighted,49592,12398,242,60,0.017459349581003664,0.7166004754957586,6.665591397849462,3.332795698924731,7.4987903225806445,0.22372112652198636,67
MAPK1,random,xgboost_weighted,49592,12398,242,60,0.028399142243724494,0.7447965634624737,9.998387096774193,4.999193548387097,4.999193548387097,0.2058565621418566,67
MAPK1,scaffold,logreg_balanced,49592,12398,249,53,0.01729319974374571,0.7579823777100194,0.0,9.432440657334144,7.545952525867316,0.26191540923321543,67
MAPK1,scaffold,random_forest_balanced,49592,12398,249,53,0.037460195870248424,0.6548675271479554,11.318928788800974,11.318928788800974,7.545952525867316,0.19188304082332605,67
MAPK1,scaffold,lightgbm_weighted,49592,12398,249,53,0.06143553379825847,0.7328763459348755,18.86488131466829,15.091905051734631,10.37568472306756,0.2914992324922735,67
MAPK1,scaffold,xgboost_weighted,49592,12398,249,53,0.0598250159929784,0.7682752928769573,22.63785757760195,15.091905051734631,10.37568472306756,0.3007661210548049,67
PKM2,random,logreg_balanced,64000,16000,437,109,0.042263164321213305,0.864400482876754,3.6697247706422016,6.422018348623853,6.880733944954128,0.3211894936403525,101
PKM2,random,random_forest_balanced,64000,16000,437,109,0.2936548080542051,0.792308727056282,64.22018348623853,41.28440366972477,22.935779816513758,0.535083697711737,101
PKM2,random,lightgbm_weighted,64000,16000,437,109,0.36653263251412094,0.8750184023153144,73.39449541284404,45.871559633027516,26.605504587155963,0.6076547837443985,101
PKM2,random,xgboost_weighted,64000,16000,437,109,0.2874886343549982,0.8661333314858852,58.715596330275226,37.61467889908256,23.85321100917431,0.5470029431959521,101
PKM2,scaffold,logreg_balanced,64000,16000,471,75,0.024021393464701363,0.7564408163265306,10.666666666666666,10.666666666666666,11.333333333333334,0.3045647782112215,101
PKM2,scaffold,random_forest_balanced,64000,16000,471,75,0.03575817991173896,0.7092910518053376,21.333333333333332,18.666666666666668,12.0,0.3185018234814834,101
PKM2,scaffold,lightgbm_weighted,64000,16000,471,75,0.12328203178088154,0.7566208267922554,42.666666666666664,25.333333333333332,14.666666666666666,0.3823299175977859,101
PKM2,scaffold,xgboost_weighted,64000,16000,471,75,0.19413022909690683,0.7626444793301936,45.333333333333336,30.666666666666668,16.666666666666668,0.4154924454909357,101
MAPK1,random,logreg_balanced,49592,12398,242,60,0.011139916206111083,0.7285196142000324,3.332795698924731,3.332795698924731,2.4995967741935483,0.14116306373798929,101
MAPK1,random,random_forest_balanced,49592,12398,242,60,0.03199137671488347,0.5977812449343493,9.998387096774193,6.665591397849462,6.665591397849462,0.1695732490924171,101
MAPK1,random,lightgbm_weighted,49592,12398,242,60,0.03767090664419087,0.6925811854973793,19.996774193548386,11.664784946236558,8.331989247311826,0.21610805347279946,101
MAPK1,random,xgboost_weighted,49592,12398,242,60,0.053052411800073807,0.7490571135246122,19.996774193548386,13.331182795698924,8.331989247311826,0.24286136146837098,101
MAPK1,scaffold,logreg_balanced,49592,12398,251,51,0.02124641106290121,0.8079274635261084,19.604680581910184,13.72327640733713,9.802340290955092,0.31400708308951036,101
MAPK1,scaffold,random_forest_balanced,49592,12398,251,51,0.037960695112822726,0.6609385148730261,15.683744465528147,11.76280834914611,8.822106261859583,0.2112690554277004,101
MAPK1,scaffold,lightgbm_weighted,49592,12398,251,51,0.08595345691000311,0.7308642092943114,23.52561669829222,19.604680581910184,12.74304237824162,0.3242510901197885,101
MAPK1,scaffold,xgboost_weighted,49592,12398,251,51,0.078709337135869,0.7624841788987402,27.44655281467426,17.644212523719165,11.76280834914611,0.3112780265949058,101
