target,scaffold,active_count,rank
MAPK1,c1ccc(CNc2ncnc3ccc(-c4ccccc4)cc23)cc1,7,1.0
MAPK1,c1ccc(CNc2cc(-c3ccccc3)ncn2)cc1,4,2.0
MAPK1,O=C1CC(c2ccccc2)C=CN1,3,3.0
MAPK1,O=c1[nH]c(=O)c2[nH]cnc2[nH]1,3,4.0
MAPK1,O=C(CCc1nc(-c2ccccc2)no1)Nc1ccccc1,2,5.0
MAPK1,O=C(CNS(=O)(=O)c1cccs1)Nc1nc2ccccc2s1,2,6.0
MAPK1,O=C(CSc1nc2cccnc2[nH]1)Nc1ccccc1,2,7.0
MAPK1,O=C(Nc1ccccc1)c1cccc(S(=O)(=O)N2CCOCC2)c1,2,8.0
MAPK1,O=C(Nc1ccccc1)c1ccccc1,2,9.0
MAPK1,O=C1CC(c2ccccc2)Cc2[nH]ccc21,2,10.0
MAPK1,O=C1CCOC2CCC3CCCCC3C12,2,11.0
MAPK1,O=C1NC(=O)C(c2c[nH]c3ccccc23)=C1c1c[nH]c2ccccc12,2,12.0
MAPK1,c1ccc(-c2ccc3ncnc(NCc4cnccn4)c3c2)cc1,2,13.0
MAPK1,c1ccc(C2=Nn3c(nnc3-c3ccccc3)SC2)cc1,2,14.0
MAPK1,c1ccc(CNc2cnc(-c3ccccc3)o2)cc1,2,15.0
MAPK1,c1ccc(CNc2ncnc3ccc(-c4cccnc4)cc23)cc1,2,16.0
MAPK1,c1ccc(Oc2ccccc2)cc1,2,17.0
MAPK1,C(=C1CCC[NH2+]1)c1ccc2ccccc2n1,1,18.0
MAPK1,C(=Cc1ccc(N2CCCCCC2)o1)c1ccccc1,1,19.0
MAPK1,C(=Cc1ccccc1)C[NH+]1CCN(c2ccccc2)CC1,1,20.0
MAPK1,C(=Cc1ccccc1)Sc1ccccc1,1,21.0
MAPK1,C(=Nc1c(-c2ccccc2)nc2n1CCS2)c1ccccc1,1,22.0
MAPK1,C(=Nn1cnnc1)c1ccn(-c2ccc3ncccc3c2)c1,1,23.0
MAPK1,C(C=CSc1ccccc1)=CSc1ccccc1,1,24.0
MAPK1,C1=C2C(=Nc3ccccc3SC2c2ccc3c(c2)OCO3)CO1,1,25.0
MAPK1,C1=CC(C2CCCCC2)c2ccccc2O1,1,26.0
MAPK1,C1=CC(c2ccccc2)c2c(-c3ccccc3)n[nH]c2O1,1,27.0
MAPK1,C1=CC(c2cccnc2)c2c(n[nH]c2-c2ccccc2)O1,1,28.0
MAPK1,C1=COc2[nH]nc(-c3cccs3)c2C1,1,29.0
MAPK1,C=C1C=NC2=C(C(=O)c3ccccc32)C1c1ccc(-c2ccccc2)o1,1,30.0
MAPK1,N=C1C(=C2C(=O)Nc3ccccc32)Nc2ccccc21,1,31.0
MAPK1,N=c1[nH]c2ccccc2n1CCCOc1ccccc1,1,32.0
MAPK1,O=C(C(Cc1ccccc1)n1cccc1)N1CCN(c2ccccc2)CC1,1,33.0
MAPK1,O=C(C1C(c2ccccc2)c2ccccc2N1S(=O)(=O)c1ccccc1)N1CCCC1,1,34.0
MAPK1,O=C(C1CCN(S(=O)(=O)c2ccc3ccccc3c2)CC1)N1CCN(c2ncccn2)CC1,1,35.0
MAPK1,O=C(C1CCN(S(=O)(=O)c2cccc3cccnc23)CC1)N1CC=C(c2ccccc2)CC1,1,36.0
MAPK1,O=C(C=Cc1ccccc1)c1ccccc1,1,37.0
MAPK1,O=C(C=Cc1ccccc1)c1cccs1,1,38.0
MAPK1,O=C(CCCNS(=O)(=O)c1ccccc1)N1CCN(c2ccccn2)CC1,1,39.0
MAPK1,O=C(CCSc1nncs1)Nc1nc(-c2ccccc2)ns1,1,40.0
MAPK1,O=C(CCc1ccccc1)Nc1cccc(-c2nnc(-c3ccco3)o2)c1,1,41.0
MAPK1,O=C(CN1C(=O)c2ccccc2S1(=O)=O)NCCSc1ccccc1,1,42.0
MAPK1,O=C(COc1ccc(-c2n[nH]c(=O)c3ccccc23)cc1)N1CC[NH+](Cc2ccccc2)CC1,1,43.0
MAPK1,O=C(COc1ccccc1)Nc1ccc(S(=O)(=O)N2CCCCCC2)cc1,1,44.0
MAPK1,O=C(COc1ccccc1)Nc1nc(-c2cccs2)cs1,1,45.0
MAPK1,O=C(CS(=O)(=O)Cc1coc(-c2ccccc2)n1)Nc1ccccc1,1,46.0
MAPK1,O=C(CS(=O)Cc1coc(-c2ccccc2)n1)Nc1ccccc1,1,47.0
MAPK1,O=C(CSCc1cnoc1)N1CCN(c2ccccc2)CC1,1,48.0
MAPK1,O=C(CSCc1coc(-c2ccccc2)n1)N1CCN(c2ccccc2)CC1,1,49.0
MAPK1,O=C(CSCc1coc(-c2ccccc2)n1)NCc1ccc2c(c1)OCO2,1,50.0
MAPK1,O=C(CSc1cc(=O)[nH]c2ccccc12)N1CCN(c2ccccc2)CC1,1,51.0
MAPK1,O=C(CSc1ccc2c(c1)OCCO2)c1c[nH]c(=O)[nH]c1=O,1,52.0
MAPK1,O=C(CSc1ccccn1)OCc1ccccc1,1,53.0
MAPK1,O=C(CSc1n[nH]c(-c2cccnc2)n1)Nc1ccnc2ccccc12,1,54.0
MAPK1,O=C(CSc1nc(-c2ccccc2)cs1)NC(=O)NCc1ccco1,1,55.0
MAPK1,O=C(CSc1nc2[nH]c(=O)[nH]c(=O)c2[nH]1)N1CCCC1,1,56.0
MAPK1,O=C(CSc1nc2ccsc2c(=O)n1Cc1ccccn1)N1CCCCC1,1,57.0
MAPK1,O=C(CSc1nc2scc(-c3ccco3)c2c(=O)[nH]1)N1CCOCC1,1,58.0
MAPK1,O=C(CSc1ncc2ccccc2n1)c1ccccc1,1,59.0
MAPK1,O=C(CSc1ncccn1)NCc1ccco1,1,60.0
MAPK1,O=C(CSc1ncccn1)c1ccn(CCc2ccccc2)c1,1,61.0
MAPK1,O=C(CSc1ncnc2ccccc12)c1ccn(-c2ccon2)c1,1,62.0
MAPK1,O=C(CSc1nnc(-c2ccccc2)[nH]1)Nc1nc2c(s1)CCCC2,1,63.0
MAPK1,O=C(CSc1nnc(-c2ccccc2)[nH]1)Nc1nc2ccccc2s1,1,64.0
MAPK1,O=C(CSc1nnc(-c2ccccc2)o1)Nc1ccccc1,1,65.0
MAPK1,O=C(CSc1nnc(Cc2ccc[nH]2)n1CCc1ccccc1)N1CCc2ccccc21,1,66.0
MAPK1,O=C(CSc1nnc(Cc2ccc[nH]2)n1CCc1ccccc1)Nc1ccc2c(c1)OCO2,1,67.0
MAPK1,O=C(CSc1nnc(Cc2ccc[nH]2)n1CCc1ccccc1)Nc1nccs1,1,68.0
MAPK1,O=C(CSc1nnc2c(n1)[nH]c1ccccc12)c1ccccc1,1,69.0
MAPK1,O=C(CSc1nnn[nH]1)N1CC[NH+](Cc2ccccc2)CC1,1,70.0
MAPK1,O=C(C[NH+]1CCC(C(=O)c2ccccc2)CC1)Nc1ccccc1,1,71.0
MAPK1,O=C(C[NH+]1CCN(c2ccccc2)CC1)NCC1CCCCC1,1,72.0
MAPK1,O=C(C[NH+]1CCN(c2ccccc2)CC1)NCCc1ccccc1,1,73.0
MAPK1,O=C(C[NH+]1CCN(c2ccccc2)CC1)Nc1c[nH]c2ccccc12,1,74.0
MAPK1,O=C(Cn1cccc1)Nc1nc2ccccc2s1,1,75.0
MAPK1,O=C(Cn1cnc2c(cnn2-c2ccccc2)c1=O)N1CCCc2ccccc21,1,76.0
MAPK1,O=C(Cn1cnc2ccccc21)c1ccn(-c2ccccc2)c1,1,77.0
MAPK1,O=C(NC1CCNCC1)c1cc2c(-c3ccccc3)n[nH]c2s1,1,78.0
MAPK1,O=C(NC1CCNCC1)c1cc2cnc3ccccc3c2o1,1,79.0
MAPK1,O=C(NCCCSC1CCCCC1)C1CCCN(C(=O)c2cc3sccc3[nH]2)C1,1,80.0
MAPK1,O=C(NCCC[NH+]1CCCCCC1)c1c[nH]c2ccccc2c1=O,1,81.0
MAPK1,O=C(NCCCc1ccccc1)C1CCCN(C(=O)c2cc3sccc3[nH]2)C1,1,82.0
MAPK1,O=C(NCCc1ccccc1)C1CCN(C(=O)c2sccc2-n2cccc2)CC1,1,83.0
MAPK1,O=C(NCc1ccccc1)c1ccc(-c2ccccc2)o1,1,84.0
MAPK1,O=C(NCc1ccccc1)c1nc[nH]c1C(=O)Nc1ccccc1,1,85.0
MAPK1,O=C(NCc1ccncc1)c1ccccc1,1,86.0
MAPK1,O=C(NCc1cnc2ccccc2c1)Nc1ccccc1,1,87.0
MAPK1,O=C(Nc1ccc(-c2ccco2)cc1)c1cccc(S(=O)(=O)N2CCOCC2)c1,1,88.0
MAPK1,O=C(Nc1ccc(-n2nncc2-c2ccccc2)cc1)c1ccco1,1,89.0
MAPK1,O=C(Nc1ccc(S(=O)(=O)N2CCCC2)cc1)c1ccc(C[NH+]2CCOCC2)cc1,1,90.0
MAPK1,O=C(Nc1ccc(S(=O)(=O)N2CCOCC2)cc1)c1cc(-c2ccccc2)n[nH]1,1,91.0
MAPK1,O=C(Nc1ccc2c(c1)OCCO2)c1cccc(S(=O)(=O)N2CCOCC2)c1,1,92.0
MAPK1,O=C(Nc1ccc2c(c1)OCO2)c1cccc(S(=O)(=O)N2CCCC2)c1,1,93.0
MAPK1,O=C(Nc1ccc2c(c1)OCO2)c1ccccc1,1,94.0
MAPK1,O=C(Nc1ccc2nc(-c3ccco3)c(-c3ccco3)nc2c1)N1CCCCC1,1,95.0
MAPK1,O=C(Nc1ccc2ncsc2c1)c1ccco1,1,96.0
MAPK1,O=C(Nc1ccc2nn(-c3ccccc3)nc2c1)c1ccc2c(c1)OCCO2,1,97.0
MAPK1,O=C(Nc1cccc(-c2nc3ccccc3o2)c1)C1CCCO1,1,98.0
MAPK1,O=C(Nc1ccccc1)C1CC(c2ccccc2)=NO1,1,99.0
MAPK1,O=C(Nc1ccccc1)C1CCC(=O)N1S(=O)(=O)c1ccccc1,1,100.0
MAPK1,O=C(Nc1ccccc1)C1CCCN1S(=O)(=O)c1ccccc1,1,101.0
MAPK1,O=C(Nc1ccccc1)C1CCN(S(=O)(=O)c2ccccc2)CC1,1,102.0
MAPK1,O=C(Nc1ccccc1)c1cc(-c2ccccc2)on1,1,103.0
MAPK1,O=C(Nc1ccccc1)c1cc2ccccc2o1,1,104.0
MAPK1,O=C(Nc1ccccc1)c1ccc(C[NH+]2CCOCC2)cc1,1,105.0
MAPK1,O=C(Nc1ccccc1)c1ccc2nccnc2c1,1,106.0
MAPK1,O=C(Nc1ccccc1)c1ccco1,1,107.0
MAPK1,O=C(Nc1ccccc1N1CC[NH2+]CC1)c1ccco1,1,108.0
MAPK1,O=C(Nc1cccnc1)c1cccc(S(=O)(=O)N2CCCCCC2)c1,1,109.0
MAPK1,O=C(Nc1ccncc1)c1ccc(COc2ccccc2)o1,1,110.0
MAPK1,O=C(Nc1nc(-c2ccc(S(=O)(=O)N3CCCC3)cc2)cs1)c1cccs1,1,111.0
MAPK1,O=C(Nc1nc(-c2ccccn2)cs1)c1ccc(S(=O)(=O)N2CCCCC2)cc1,1,112.0
MAPK1,O=C(Nc1nc(-c2cccs2)cs1)c1ccccc1,1,113.0
MAPK1,O=C(Nc1nc(-c2ccncc2)cs1)c1ccccc1,1,114.0
MAPK1,O=C(Nc1nc(C23CC4CC(CC(C4)C2)C3)cs1)c1cnoc1,1,115.0
MAPK1,O=C(Nc1nc2ccccc2s1)C1CCCN1S(=O)(=O)c1ccccc1,1,116.0
MAPK1,O=C(Nc1nc2ccccc2s1)C1CCN(S(=O)(=O)c2cccs2)CC1,1,117.0
MAPK1,O=C(Nc1nc2ccccc2s1)c1ccco1,1,118.0
MAPK1,O=C(Nc1ncc2c(n1)CC(c1ccccc1)CC2=O)c1ccccc1,1,119.0
MAPK1,O=C(Nc1nncs1)c1ccccc1,1,120.0
MAPK1,O=C(OCC1CCCO1)c1cc2c([nH]1)CC(c1ccccc1)CC2=O,1,121.0
MAPK1,O=C(OCCCCN1C(=O)c2ccccc2C1=O)c1ccc[nH]1,1,122.0
MAPK1,O=C(OCCc1ccccc1)c1ccccc1,1,123.0
MAPK1,O=C(OCc1nnc(-c2ccccc2)o1)c1ccc[nH]1,1,124.0
MAPK1,O=C(c1cc2cnc3ccccc3c2o1)N1CCc2ccccc2C1,1,125.0
MAPK1,O=C(c1ccc2c(c1)ncn1c3ccccc3nc21)N1CCCCC1,1,126.0
MAPK1,O=C(c1ccc2nc(N3CCCCC3)sc2c1)N1CCN(c2ccccc2)CC1,1,127.0
MAPK1,O=C(c1cccc(-n2cnnc2)c1)N1CCN(c2nc(-c3ccccc3)cs2)CC1,1,128.0
MAPK1,O=C(c1cccc(C(=O)N2CCN(c3ccccc3)CC2)c1)N1CCN(c2ccccc2)CC1,1,129.0
MAPK1,O=C(c1cccc(S(=O)(=O)Nc2ccccc2)c1)N1CCN(c2ccccn2)CC1,1,130.0
MAPK1,O=C(c1ccccc1)N1CCN(c2ccccc2)CC1,1,131.0
MAPK1,O=C(c1ccccc1)c1c[nH]c(-c2nc3ccccc3[nH]2)c1,1,132.0
MAPK1,O=C(c1ccccc1)c1cc[nH]c1,1,133.0
MAPK1,O=C(c1ccco1)N1CCN(C(=O)C2CC(c3ccccc3)=NO2)CC1,1,134.0
MAPK1,O=C(c1ccco1)N1CCN(c2nc(-c3ccccc3)cs2)CC1,1,135.0
MAPK1,O=C1C(SCC2COCO2)=C(SCC2COCO2)C(=O)c2ncccc21,1,136.0
MAPK1,O=C1C=C([NH2+]Cc2ccccc2)C(=O)N1c1ccccc1,1,137.0
MAPK1,O=C1C=C2CCC3C4CCCC4CCC3C2CC1,1,138.0
MAPK1,O=C1C=C2COCC=C2O1,1,139.0
MAPK1,O=C1CC(C(=O)N2CCN(c3ccccc3)CC2)CN1Cc1ccccc1,1,140.0
MAPK1,O=C1CC(c2ccccc2)c2cc3c(cc2N1)OCCO3,1,141.0
MAPK1,O=C1CC(c2cccs2)Cc2nc(NCC3CCCO3)ncc21,1,142.0
MAPK1,O=C1CC(n2cnc3ccccc32)C(=O)N1Cc1ccccc1,1,143.0
MAPK1,O=C1CC2(C=C(SCC(=O)c3cc4ccccc4oc3=O)N1)CCCC2,1,144.0
MAPK1,O=C1CCCC2=C1C(c1ccsc1)C=CN2c1cccnc1,1,145.0
MAPK1,O=C1CCOc2c1ccc1ccccc21,1,146.0
MAPK1,O=C1CCc2cc(S(=O)(=O)NCCC(=O)N3CCN(c4ccccc4)CC3)ccc2N1,1,147.0
MAPK1,O=C1CNC(=O)N1CCCCOc1ccccc1,1,148.0
MAPK1,O=C1COc2ccc(C(=O)COC(=O)c3ccccc3)cc2N1,1,149.0
MAPK1,O=C1N=CSC1=C1C=Cc2ccccc2N1,1,150.0
MAPK1,O=C1NC2Nc3ccccc3NC2N1c1ccccc1,1,151.0
MAPK1,O=C1Nc2ccccc2C1=Cc1ccccc1,1,152.0
MAPK1,O=C1Nc2ccccc2C2(CC[NH+](CCc3ccccc3)CC2)O1,1,153.0
MAPK1,O=C1OC(C(=O)Nc2nccs2)Cc2ccccc21,1,154.0
MAPK1,O=C1c2ccccc2-c2n[nH]c3cccc1c23,1,155.0
MAPK1,O=C1c2ccccc2-c2onc3c(N4CC[NH2+]CC4)ccc1c23,1,156.0
MAPK1,O=C1c2ccccc2C(=O)N1c1ccc2[nH]c(-c3ccco3)nc2c1,1,157.0
MAPK1,O=C1c2ccccc2C(=O)c2ccccc21,1,158.0
MAPK1,O=C1c2ccccc2C(Nc2ccc3c(c2)OCCO3)N1Cc1ccco1,1,159.0
MAPK1,O=C1c2ccccc2C(Nc2ccc3c(c2)OCO3)N1Cc1ccco1,1,160.0
MAPK1,O=S(=O)(NC1CC2CCC1C2)c1ccc2c(c1)OCCO2,1,161.0
MAPK1,O=S(=O)(Nc1cccc(-c2cn3ccsc3[nH+]2)c1)c1ccccc1,1,162.0
MAPK1,O=S(=O)(Nc1ccccc1)c1ccc(S(=O)(=O)N2CCCC2)cc1,1,163.0
MAPK1,O=S(=O)(c1ccc2c(c1)OCCO2)N(Cc1cnc2ccccc2c1)Cc1ccco1,1,164.0
MAPK1,O=S(=O)(c1cccc2nsnc12)N1CCc2ccccc21,1,165.0
MAPK1,O=S(=O)(c1ccccc1)N1CCC(c2ccc3c(c2)OCO3)CC1,1,166.0
MAPK1,O=S(=O)(c1ccccc1)N1CCSC1c1ccccc1,1,167.0
MAPK1,O=S(=O)(c1ccccc1)c1ccccc1,1,168.0
MAPK1,O=S(=O)(c1ccccc1)n1ccc(-c2ccccc2)n1,1,169.0
MAPK1,O=c1[nH]c(=Nc2ccccc2)cc2n1CCc1ccccc1-2,1,170.0
MAPK1,O=c1[nH]c(=O)c2[nH]c(N3CCCC3)nc2[nH]1,1,171.0
MAPK1,O=c1[nH]c(=O)c2c(-c3ccccc3)n(C3CCCCC3)cc2[nH]1,1,172.0
MAPK1,O=c1[nH]c(=O)c2c(nc(N3CCCCCC3)n2Cc2ccccc2)[nH]1,1,173.0
MAPK1,O=c1[nH]c(=O)c2c(nc(NCc3ccccc3)n2CCCc2ccccc2)[nH]1,1,174.0
MAPK1,O=c1[nH]c(=O)c2c(nc(NCc3ccccc3)n2CCOc2ccccc2)[nH]1,1,175.0
MAPK1,O=c1[nH]c(=O)c2c(nc(NCc3ccccc3)n2Cc2ccccc2)[nH]1,1,176.0
MAPK1,O=c1[nH]c(=O)c2c(ncn2CCCCSc2nc3ccccc3o2)[nH]1,1,177.0
MAPK1,O=c1[nH]c(SCc2ncc3ccccc3n2)nc2ccccc12,1,178.0
MAPK1,O=c1[nH]c2nc3n(c2c(=O)n1CCCc1ccccc1)CCN3c1ccccc1,1,179.0
MAPK1,O=c1[nH]c2nc3n(c2c(=O)n1CCc1ccccc1)CCCN3CCc1ccccc1,1,180.0
MAPK1,O=c1[nH]nc(-c2cccc(S(=O)(=O)NCC[NH+]3CCOCC3)c2)c2ccccc12,1,181.0
MAPK1,O=c1c(-c2ccccc2)coc2ccccc12,1,182.0
MAPK1,O=c1c(=Nc2c[nH]n(-c3ccccc3)c2=O)c(=O)c2ccccc12,1,183.0
MAPK1,O=c1cc(-c2ccccc2)oc2c1ccc1ccccc12,1,184.0
MAPK1,O=c1cc(-c2ccccc2)oc2ccccc12,1,185.0
MAPK1,O=c1ncccn1C1CCCO1,1,186.0
MAPK1,O=c1oc2ccccc2c(=O)n1-c1ccccc1,1,187.0
MAPK1,O=c1oc2ccccc2c2ccccc12,1,188.0
MAPK1,c1cc2c(cc1-c1c[nH+]c3n1CCC3)OCCO2,1,189.0
MAPK1,c1cc2c3c(cccc3c1)CC2,1,190.0
MAPK1,c1cc2cc3c(cc2o1)OC1CC3CS1,1,191.0
MAPK1,c1ccc(-c2cc(NCc3cccs3)ncn2)cc1,1,192.0
MAPK1,c1ccc(-c2cc3c(N4CCOCC4)ncnc3s2)cc1,1,193.0
MAPK1,c1ccc(-c2ccc3ncnc(N4CCOCC4)c3c2)cc1,1,194.0
MAPK1,c1ccc(-c2ccc3ncnc(N4CC[NH2+]CC4)c3c2)cc1,1,195.0
MAPK1,c1ccc(-c2ccn[nH]2)cc1,1,196.0
MAPK1,c1ccc(-c2ccno2)cc1,1,197.0
MAPK1,c1ccc(-c2cn[nH]c2-c2ccccc2)cc1,1,198.0
MAPK1,c1ccc(-c2cnc(SCc3nc(-c4ccccc4)no3)nc2)cc1,1,199.0
MAPK1,c1ccc(-c2cncnc2NCc2cccs2)cc1,1,200.0
MAPK1,c1ccc(-c2csc(-c3nc4ccccc4[nH]3)n2)cc1,1,201.0
MAPK1,c1ccc(-c2csc(N3CCC([NH+]4CCCCC4)CC3)n2)cc1,1,202.0
MAPK1,c1ccc(-c2csc(N3CCN(c4ccccn4)CC3)n2)cc1,1,203.0
MAPK1,c1ccc(-c2csc3ncn4cnnc4c23)cc1,1,204.0
MAPK1,c1ccc(-c2n[nH]c3ncncc23)cc1,1,205.0
MAPK1,c1ccc(-c2nc(NC3CC3)c3ccccc3n2)cc1,1,206.0
MAPK1,c1ccc(-c2nc(NCC3CCCO3)c3ccccc3n2)cc1,1,207.0
MAPK1,c1ccc(-c2nc(NCc3cccs3)c3ccccc3n2)cc1,1,208.0
MAPK1,c1ccc(-c2nc(Nc3ccncc3)c3ccccc3n2)cc1,1,209.0
MAPK1,c1ccc(-c2nc3cnccn3c2NC2CCCC2)cc1,1,210.0
MAPK1,c1ccc(-c2nc3nonc3nc2-c2ccccc2)cc1,1,211.0
MAPK1,c1ccc(-c2ncc(N3CCCCCC3)o2)cc1,1,212.0
MAPK1,c1ccc(-c2ncc(NCc3cccc4c3OCO4)o2)cc1,1,213.0
MAPK1,c1ccc(-c2nccc(NCc3cccnc3)n2)cc1,1,214.0
MAPK1,c1ccc(-c2nccc(NCc3cccs3)n2)cc1,1,215.0
MAPK1,c1ccc(-c2nn3c(-c4ccco4)nnc3s2)cc1,1,216.0
MAPK1,c1ccc(-c2noc(CSc3nnc(-c4ccncc4)n3-c3ccccc3)n2)cc1,1,217.0
MAPK1,c1ccc(-c2oc3ncnc(NCCCn4ccnc4)c3c2-c2ccccc2)cc1,1,218.0
MAPK1,c1ccc(-c2onc3ccc(C4OCCO4)cc23)cc1,1,219.0
MAPK1,c1ccc(-n2cc3cnnc-3nc2SCc2cnoc2)cc1,1,220.0
MAPK1,c1ccc(-n2ccc3ccccc32)cc1,1,221.0
MAPK1,c1ccc(C2=Nn3c(nnc3-c3cc(-c4ccccc4)[nH]n3)SC2)cc1,1,222.0
MAPK1,c1ccc(C2=Nn3cnnc3SC2)cc1,1,223.0
MAPK1,c1ccc(CCNc2ccnc3ncnn23)cc1,1,224.0
MAPK1,c1ccc(CCNc2cnc(COc3ccccc3)o2)cc1,1,225.0
MAPK1,c1ccc(CCNc2nc3ccccc3s2)cc1,1,226.0
MAPK1,c1ccc(CCNc2ncnc(N3CCN(c4ccccc4)CC3)n2)cc1,1,227.0
MAPK1,c1ccc(CC[NH+]2CCN(c3ncnc4c3cnn4-c3ccccc3)CC2)cc1,1,228.0
MAPK1,c1ccc(CNc2[nH]c(-c3ccccc3)c[nH+]2)cc1,1,229.0
MAPK1,c1ccc(CNc2ccc(N3CCCCC3)cc2)cc1,1,230.0
MAPK1,c1ccc(CNc2ccnc(-c3ccccc3)n2)cc1,1,231.0
MAPK1,c1ccc(CNc2nc(-c3ccc4c(c3)OCO4)nc3ccccc23)cc1,1,232.0
MAPK1,c1ccc(CNc2nc(-c3ccccc3)nc3ccccc23)cc1,1,233.0
MAPK1,c1ccc(CNc2ncnc3c2ncn3C2CCCO2)cc1,1,234.0
MAPK1,c1ccc(CNc2ncnc3c2oc2ncc4c(c23)CCOC4)nc1,1,235.0
MAPK1,c1ccc(CNc2ncnc3ccccc23)cc1,1,236.0
MAPK1,c1ccc(CNc2ncncc2-c2ccccc2)cc1,1,237.0
MAPK1,c1ccc(COc2nsnc2N2CCOCC2)cc1,1,238.0
MAPK1,c1ccc(C[NH+]2CCN(c3cnc(-c4ccccc4)o3)CC2)cc1,1,239.0
MAPK1,c1ccc(C[NH+]2CCN(c3ncnc4c3[nH]c3ccccc34)CC2)cc1,1,240.0
MAPK1,c1ccc(Cc2cnc3ncnn3c2Nc2ccc3c(c2)OCO3)cc1,1,241.0
MAPK1,c1ccc(N2CCN(c3ncnc4c3[nH]c3ccccc34)CC2)nc1,1,242.0
MAPK1,c1ccc(N2CC[NH+](CCCOc3ccc4ccccc4c3)CC2)nc1,1,243.0
MAPK1,c1ccc(N2CC[NH+](CCCOc3cccc4ccccc34)CC2)nc1,1,244.0
MAPK1,c1ccc(N2CC[NH+](Cc3ccc4cccnc4c3)CC2)nc1,1,245.0
MAPK1,c1ccc(N2CC[NH+](Cc3ncnc(N4CCCc5ccccc54)n3)CC2)cc1,1,246.0
MAPK1,c1ccc(Nc2cc(-c3ccccc3)ncn2)cc1,1,247.0
MAPK1,c1ccc(Nc2ccc3c(c2)=NC2(CCCCC2)[NH+]=3)cc1,1,248.0
MAPK1,c1ccc(Nc2ccccc2)cc1,1,249.0
MAPK1,c1ccc(Nc2ccnc(-c3ccccc3)n2)cc1,1,250.0
MAPK1,c1ccc(Nc2cnc3ccccc3n2)cc1,1,251.0
MAPK1,c1ccc(Nc2nc(N3CCCC3)c3ccccc3n2)cc1,1,252.0
MAPK1,c1ccc(Nc2ncnc(CSc3n[nH]c(-c4ccccc4)n3)n2)cc1,1,253.0
MAPK1,c1ccc(Nc2ncncn2)cc1,1,254.0
MAPK1,c1ccc(OCCCn2ccnc2)cc1,1,255.0
MAPK1,c1ccc(OCCCn2cnc3ccccc32)cc1,1,256.0
MAPK1,c1ccc(OCc2nnc(SCc3nc4ccccc4[nH]3)n2Cc2ccco2)cc1,1,257.0
MAPK1,c1ccc2c(N3CCCCC3)nc(-c3ccncc3)nc2c1,1,258.0
MAPK1,c1ccc2c(c1)Cc1cc3cc4c(cc3nc1-2)OCO4,1,259.0
MAPK1,c1ccc2c(c1)[nH]c1cnccc12,1,260.0
MAPK1,c1ccc2c(c1)oc1c(Nc3ccc4c(c3)OCCO4)ncnc12,1,261.0
MAPK1,c1ccc2cnccc2c1,1,262.0
MAPK1,c1ccc2nc3c(nc2c1)c1ccccc1n3CC[NH+]1CCOCC1,1,263.0
MAPK1,c1ccccc1,1,264.0
MAPK1,c1ccsc1,1,265.0
MAPK1,c1cn(-c2ccnc(-c3ccc4c(c3)OCO4)n2)cn1,1,266.0
MAPK1,c1cncc(-c2nccc(NCc3cccs3)n2)c1,1,267.0
MAPK1,c1cncc(Nc2nc(-c3ccncc3)cs2)c1,1,268.0
MAPK1,c1coc(CNc2ncnc3c2oc2ccccc23)c1,1,269.0
MAPK1,c1coc(CNc2ncncn2)c1,1,270.0
MAPK1,c1coc(Cc2ccc3cccnc3c2)c1,1,271.0
MAPK1,c1coc(Cn2nnnc2C[NH+]2CCN(c3nc4ccccc4s3)CC2)c1,1,272.0
MAPK1,c1csc(CNc2ncncc2-c2ccc3c(c2)OCO3)c1,1,273.0
MAPK1,c1nc2n[nH]cc2c2c1CCC2,1,274.0
MAPK1,c1nc2nc[nH]c(N3CCCC3)c-2n1,1,275.0
MAPK1,c1ncc2ncn(C3CCCO3)c2n1,1,276.0
PKM2,O=c1[nH]c2ccc(S(=O)(=O)Nc3ccccc3)cc2[nH]c1=O,10,1.0
PKM2,O=c1[nH]c2ccc(S(=O)(=O)Nc3ccccc3)cc2o1,7,2.0
PKM2,O=C(NCc1ccccc1)N1CCN(S(=O)(=O)c2ccccc2)CC1,6,3.0
PKM2,O=C1COc2cc(S(=O)(=O)Nc3ccccc3)ccc2N1,6,4.0
PKM2,O=S(=O)(c1ccccc1)c1ccccc1,6,5.0
PKM2,O=c1[nH]c2ccc(S(=O)(=O)Nc3ccccc3)cc2[nH]1,5,6.0
PKM2,O=C(CSc1ccccc1)N1CCN(S(=O)(=O)c2ccccc2)CC1,4,7.0
PKM2,O=C(CSc1nc2[nH]c(=O)[nH]c(=O)c2[nH]1)Nc1ccccc1,4,8.0
PKM2,O=C(c1ccco1)N1N=C(c2ccccc2)CC1c1ccccc1,4,9.0
PKM2,O=S(=O)(Nc1ccccc1)c1ccccc1,4,10.0
PKM2,c1ccc(C2=NOC3(CCNC3)C2)cc1,4,11.0
PKM2,O=C(CCn1cccn1)N1CCN(S(=O)(=O)c2ccccc2)CC1,3,12.0
PKM2,O=C(CSc1nc[nH]n1)Nc1ccccc1,3,13.0
PKM2,O=C(CSc1ncn[nH]1)Nc1ccccc1,3,14.0
PKM2,O=C1CCc2cc(S(=O)(=O)Nc3ccccc3)ccc2N1,3,15.0
PKM2,O=C1SC(=Cc2ccc(N3CCOCC3)o2)C(=O)N1Cc1ccccc1,3,16.0
PKM2,O=S(=O)(Nc1ccccc1)c1ccc2nccnc2c1,3,17.0
PKM2,O=c1c(S(=O)(=O)Nc2ccccc2)cnc2sccn12,3,18.0
PKM2,O=c1c2ccccc2nnn1CSc1nnnn1-c1ccccc1,3,19.0
PKM2,O=c1oc2ccccc2c2ccccc12,3,20.0
PKM2,c1ccc(-n2nnnc2SCc2cn3cccnc3[nH+]2)cc1,3,21.0
PKM2,C(=Cc1ccc(N2CCOCC2)o1)c1ccccc1,2,22.0
PKM2,C=C1c2ccccc2-c2ccccc21,2,23.0
PKM2,N=C1c2ccccc2-c2ccccc21,2,24.0
PKM2,O=C(CCc1nc(-c2ccccc2)no1)Nc1cccnc1,2,25.0
PKM2,O=C(CN(c1ccccc1)S(=O)(=O)c1ccccc1)Nc1ccccc1,2,26.0
PKM2,O=C(COc1ccccc1)N1CCN(S(=O)(=O)c2ccccc2)CC1,2,27.0
PKM2,O=C(COc1ccccc1)N1CCN(S(=O)(=O)c2cccs2)CC1,2,28.0
PKM2,O=C(CSc1ccc(-c2ccccc2)nn1)Nc1ccon1,2,29.0
PKM2,O=C(CSc1ccc(-c2cccnc2)nn1)Nc1nncs1,2,30.0
PKM2,O=C(CSc1ccc(-c2ccco2)nn1)Nc1ccccc1,2,31.0
PKM2,O=C(CSc1ccccn1)Nc1nccs1,2,32.0
PKM2,O=C(CSc1nc2[nH]c(=O)[nH]c(=O)c2[nH]1)Nc1ccon1,2,33.0
PKM2,O=C(CSc1nc2[nH]c(=O)[nH]c(=O)c2n1Cc1ccccc1)Nc1ccccc1,2,34.0
PKM2,O=C(CSc1nc2ccccc2[nH]1)NN=CC=Cc1ccco1,2,35.0
PKM2,O=C(CSc1nncs1)Nc1cc(-c2ccco2)cs1,2,36.0
PKM2,O=C(Cc1ccc2c(c1)OCCO2)N1CCN(S(=O)(=O)c2ccccc2)CC1,2,37.0
PKM2,O=C(NCCc1nc2cc(NS(=O)(=O)c3ccccc3)ccc2[nH]1)c1ccco1,2,38.0
PKM2,O=C(NCCn1ccc2nc3ccccc3nc21)c1ccccc1,2,39.0
PKM2,O=C(NCc1ccccc1)Nc1cccs1,2,40.0
PKM2,O=C(NCc1ccco1)c1c[nH]c(=S)s1,2,41.0
PKM2,O=C(Nc1cccc(S(=O)(=O)Nc2ccccc2)c1)c1ccc[nH]1,2,42.0
PKM2,O=C(Nc1ccccc1)C1C2C(=O)N(c3ccccc3)C(=O)C2C2C=CC=NN21,2,43.0
PKM2,O=C(Nc1ccccc1)c1ccc(Cn2cccn2)o1,2,44.0
PKM2,O=C(c1cc[nH]n1)N1N=C(c2ccccc2)CC1c1ccccc1,2,45.0
PKM2,O=C(c1ccc(Cn2cccn2)cc1)N1CCN(c2ccccc2)CC1,2,46.0
PKM2,O=C(c1ccc([N-]S(=O)(=O)c2cccc3cccnc23)cc1)N1CCCCC1,2,47.0
PKM2,O=C(c1ccncc1)N1N=C(c2ccccc2)CC1c1ccccc1,2,48.0
PKM2,O=C1CCCC(=O)[C-]1C(c1cccs1)[C-]1C(=O)CCCC1=O,2,49.0
PKM2,O=C1Nc2ccc(S(=O)(=O)Nc3ccccc3)c3cccc1c23,2,50.0
PKM2,O=S(=O)(N=c1[nH]ccs1)c1ccccc1,2,51.0
PKM2,O=S(=O)(NCCNc1ccccc1)c1ccccc1,2,52.0
PKM2,O=S(=O)(c1ccc(NCCc2ccccc2)cc1)N1CCCC1,2,53.0
PKM2,O=S(=O)(c1ccc2c(c1)OCCO2)N1CCN(c2ccccc2)CC1,2,54.0
PKM2,O=S(=O)(c1ccc2ccccc2c1)N1CCNCC1,2,55.0
PKM2,O=S(=O)(c1ccccc1)N1CCCN(S(=O)(=O)c2ccccc2)CC1,2,56.0
PKM2,O=S(=O)(c1ccccc1)N1CCN(S(=O)(=O)c2ccc3c(c2)OCCO3)CC1,2,57.0
PKM2,O=S(=O)(c1ccccc1)N1CCN(c2cccc(Sc3nnc[nH]3)c2)CC1,2,58.0
PKM2,O=S(=O)(c1ccccc1)N1CCN=C1SCc1cccnc1,2,59.0
PKM2,O=c1[nH]c(=O)c2cc(S(=O)(=O)Nc3ccccc3)ccc2[nH]1,2,60.0
PKM2,O=c1ccc2cc(S(=O)(=O)Nc3ccccc3)ccc2o1,2,61.0
PKM2,O=c1ccncn1N=Cc1ccccc1,2,62.0
PKM2,O=c1cnnc2sc(SCc3ccccc3)nn12,2,63.0
PKM2,O=c1oc2ccccc2cc1S(=O)(=O)c1ccccc1,2,64.0
PKM2,c1ccc(-c2nn3c(Cn4cnc5ccccc54)nnc3s2)cc1,2,65.0
PKM2,c1ccc(C2=NNC(c3ccccc3)C2)cc1,2,66.0
PKM2,c1ccc(C2=NNC(c3cccs3)C2)cc1,2,67.0
PKM2,c1ccc(Cn2nnc3c(NCCc4ccccn4)ncnc32)cc1,2,68.0
PKM2,c1ccc(NCCc2ccccn2)cc1,2,69.0
PKM2,c1ccc(OCc2nn3c(Cn4cnc5ccccc54)nnc3s2)cc1,2,70.0
PKM2,c1ccncc1,2,71.0
PKM2,C(=NNc1ccnc2ccccc12)c1ccccc1,1,72.0
PKM2,C(=NNc1nc(-c2cccs2)cs1)c1ccccc1,1,73.0
PKM2,C(=NOCc1ccccc1)c1cncnc1,1,74.0
PKM2,C(=Nc1ccccc1)c1ccc(-c2ccccc2)o1,1,75.0
PKM2,C(=Nc1ccccc1)c1ccccc1,1,76.0
PKM2,C(=Nn1cnnc1)c1cccn1-c1ccccc1,1,77.0
PKM2,C1=C(c2ccccc2)N2CC[NH+]=C2S1,1,78.0
PKM2,C1=CC(c2ccco2)C=C(SCc2ccccc2)N1,1,79.0
PKM2,C=C(C(=O)c1ccccc1)c1nnnn1-c1ccccc1,1,80.0
PKM2,C=C1C=Nc2nnnn2C1c1ccccc1,1,81.0
PKM2,N=C(Cn1ncc(N2CCCC2)cc1=O)c1ccccc1,1,82.0
PKM2,O=C(C1=CC(=O)N(CCC[NH+]2CCOCC2)C1c1ccncc1)c1ccccc1,1,83.0
PKM2,O=C(C1=CC(=O)N(c2ncccn2)C1c1ccccc1)c1ccco1,1,84.0
PKM2,O=C(C1CCC1)N1CCc2cc(S(=O)(=O)Nc3ccc4c(c3)OCO4)ccc21,1,85.0
PKM2,O=C(C1CCN(S(=O)(=O)c2cnoc2C=Cc2ccco2)CC1)N1CCc2ccccc2C1,1,86.0
PKM2,O=C(C=CC(=O)c1ccccc1)NCc1cccs1,1,87.0
PKM2,O=C(C=Cc1[nH]cc[nH+]1)c1ccccc1,1,88.0
PKM2,O=C(C=Cc1ccccc1)Nc1cn(Cc2ccccc2)c(=O)[nH]c1=O,1,89.0
PKM2,O=C(C=Cc1ccco1)N1CCN(S(=O)(=O)c2ccccc2)CC1,1,90.0
PKM2,O=C(C=Cc1ccco1)NCC(=O)NCc1ccccc1,1,91.0
PKM2,O=C(C=Cc1ccco1)NCC(=O)NN=Cc1ccccc1,1,92.0
PKM2,O=C(CCC1CCCN(C(=O)c2cc(C3CC3)[nH]n2)C1)NCc1ccccc1,1,93.0
PKM2,O=C(CCCSc1nnc(-c2ccoc2)[nH]1)c1ccccc1,1,94.0
PKM2,O=C(CCCc1c[nH]c2ccccc12)N1CCN(S(=O)(=O)c2cccs2)CC1,1,95.0
PKM2,O=C(CCCc1cccs1)N1CCN(S(=O)(=O)c2ccccc2)CC1,1,96.0
PKM2,O=C(CCCc1nc2ccccc2s1)N1CCN(S(=O)(=O)c2cccs2)CC1,1,97.0
PKM2,O=C(CCCn1c(=S)[nH]c2cc3c(cc2c1=O)OCO3)NC1CC1,1,98.0
PKM2,O=C(CCN1C(=O)C(=Cc2cccs2)SC1=S)Nc1ccccc1,1,99.0
PKM2,O=C(CCN1C(=O)c2ccccc2C1=O)N1CCN(S(=O)(=O)c2ccccc2)CC1,1,100.0
PKM2,O=C(CCNC(=O)C1CCN(S(=O)(=O)c2ccccc2)CC1)Nc1ccccc1,1,101.0
PKM2,O=C(CCOc1ccccc1)N1CCN(S(=O)(=O)c2cccs2)CC1,1,102.0
PKM2,O=C(CCS(=O)(=O)c1cccc2c1N(C(=O)C1CC1)CC2)NCc1ccco1,1,103.0
PKM2,O=C(CCc1ccccc1)N1CCN(S(=O)(=O)c2ccc3ccccc3c2)CC1,1,104.0
PKM2,O=C(CCc1ccccc1)N1CCN(S(=O)(=O)c2cccs2)CC1,1,105.0
PKM2,O=C(CCc1ccco1)Nc1ncc(Cc2ccccc2)s1,1,106.0
PKM2,O=C(CCc1ccco1)Nc1nccs1,1,107.0
PKM2,O=C(CN(CC1CCCO1)C(=O)C=CC(=O)c1ccccc1)NC1CCCCC1,1,108.0
PKM2,O=C(CN1C(=O)C(=O)c2ccccc21)NCCc1ccccc1,1,109.0
PKM2,O=C(CN1C(=O)COc2ccccc21)N(Cc1cccnc1)Cc1ccco1,1,110.0
PKM2,O=C(CNS(=O)(=O)c1cccs1)N1CCN(c2ccccn2)CC1,1,111.0
PKM2,O=C(COC(=O)c1ccc([N-]S(=O)(=O)c2cccs2)cc1)NCc1ccco1,1,112.0
PKM2,O=C(COC(=O)c1cccs1)Nc1cc(-c2ccco2)cs1,1,113.0
PKM2,O=C(COC(=O)c1cnoc1)Nc1cc(-c2cccs2)cs1,1,114.0
PKM2,O=C(COc1ccc(S(=O)(=O)N2CCc3ccccc32)cc1)NCc1ccccn1,1,115.0
PKM2,O=C(CSCc1ccco1)N1CCN(S(=O)(=O)c2ccccc2)CC1,1,116.0
PKM2,O=C(CSc1ccc(-c2cccnc2)nn1)Nc1ccccc1,1,117.0
PKM2,O=C(CSc1ccc2c(c1)OCCO2)c1c[nH]c(=O)[nH]c1=O,1,118.0
PKM2,O=C(CSc1ccc2c(n1)CCC2)Nc1ccon1,1,119.0
PKM2,O=C(CSc1ccc2ccccc2c1)NCCc1ccccc1,1,120.0
PKM2,O=C(CSc1ccc2ccccc2n1)N1CCN(C(=O)c2ccco2)CC1,1,121.0
PKM2,O=C(CSc1ccc2ccccc2n1)Nc1ccon1,1,122.0
PKM2,O=C(CSc1cccc2cccnc12)Nc1ccc(S(=O)(=O)N2CCOCC2)cc1,1,123.0
PKM2,O=C(CSc1ccccc1)N1CCC(c2nc3ccccc3s2)CC1,1,124.0
PKM2,O=C(CSc1ccccc1)N1CCN(S(=O)(=O)c2cccs2)CC1,1,125.0
PKM2,O=C(CSc1ccccc1)OCC(=O)N1CCN(C(=O)c2ccco2)CC1,1,126.0
PKM2,O=C(CSc1ccccn1)Nc1ccccc1,1,127.0
PKM2,O=C(CSc1ccccn1)Nc1cnon1,1,128.0
PKM2,O=C(CSc1ccn[nH]1)Nc1ccccc1,1,129.0
PKM2,O=C(CSc1ccnc2ccccc12)NN=Cc1ccccc1,1,130.0
PKM2,O=C(CSc1n[nH]c(-c2cccs2)n1)N1CCN(S(=O)(=O)c2ccccc2)CC1,1,131.0
PKM2,O=C(CSc1n[nH]c2c3ccccc3nc-2n1)Nc1ccccc1,1,132.0
PKM2,O=C(CSc1nc2ccccc2[nH]1)c1ccc2c(c1)OCO2,1,133.0
PKM2,O=C(CSc1nc2nc3c(cc2c(=O)[nH]1)COCC3)Nc1ccccc1,1,134.0
PKM2,O=C(CSc1nc2nncc-2cn1-c1ccccc1)Nc1ccccc1,1,135.0
PKM2,O=C(CSc1nc2scc(-c3ccco3)c2c(=O)[nH]1)N1CCOCC1,1,136.0
PKM2,O=C(CSc1nc[nH]n1)Nc1cc(-c2cccs2)cs1,1,137.0
PKM2,O=C(CSc1ncc(Cc2ccccc2)cn1)N1CCN(c2ccccc2)CC1,1,138.0
PKM2,O=C(CSc1ncc2c(n1)CC[NH+](Cc1ccccc1)C2)Nc1ccccc1,1,139.0
PKM2,O=C(CSc1ncc2c3c(sc2n1)CSCC3)Nc1ccccc1,1,140.0
PKM2,O=C(CSc1ncccn1)Nc1ccccc1,1,141.0
PKM2,O=C(CSc1nccs1)c1c[nH]c(=O)[nH]c1=O,1,142.0
PKM2,O=C(CSc1nccs1)c1ccc(S(=O)(=O)N2CCOCC2)cc1,1,143.0
PKM2,O=C(CSc1ncn(-c2ccccc2)n1)Nc1ccccc1,1,144.0
PKM2,O=C(CSc1ncn(-c2ccccc2)n1)Nc1ccon1,1,145.0
PKM2,O=C(CSc1nn2c(=O)cnnc2s1)Nc1nccs1,1,146.0
PKM2,O=C(CSc1nnc(-c2ccc(NS(=O)(=O)c3ccccc3)cc2)o1)Nc1nncs1,1,147.0
PKM2,O=C(CSc1nnc(-c2ccccc2)o1)Nc1ccccc1,1,148.0
PKM2,O=C(CSc1nnc(-c2ccco2)c(-c2ccco2)n1)Nc1ccccc1,1,149.0
PKM2,O=C(CSc1nnc(-c2cccs2)o1)Nc1ccon1,1,150.0
PKM2,O=C(CSc1nnc(-c2ccncc2)s1)Nc1ccccc1,1,151.0
PKM2,O=C(CSc1nnc(-c2ccoc2)o1)Nc1ccon1,1,152.0
PKM2,O=C(CSc1nnc(-c2ccon2)o1)Nc1nccs1,1,153.0
PKM2,O=C(CSc1nnc(Cc2ccccc2)o1)Nc1ccccc1,1,154.0
PKM2,O=C(CSc1nnc2c(n1)[nH]c1ccccc12)Nc1nncs1,1,155.0
PKM2,O=C(CSc1nnc2ccncn12)Nc1ccccc1,1,156.0
PKM2,O=C(CSc1nncn1-c1ccccc1)N1CCN(S(=O)(=O)c2ccccc2)CC1,1,157.0
PKM2,O=C(CSc1nnco1)Nc1ccccc1,1,158.0
PKM2,O=C(CSc1nncs1)N1CCN(S(=O)(=O)c2ccccc2)CC1,1,159.0
PKM2,O=C(C[NH+]1CCCCC1)Nc1cc(-c2ccco2)cs1,1,160.0
PKM2,O=C(C[NH+]1CCCN(S(=O)(=O)c2ccccc2)CC1)Nc1ccccc1,1,161.0
PKM2,O=C(Cc1ccccc1)NC1CCN(S(=O)(=O)c2ccccc2)CC1,1,162.0
PKM2,O=C(Cc1ccccc1)NCc1ccc(NCCc2ccccc2)cc1,1,163.0
PKM2,O=C(Cc1ccccc1)Nc1cc(=O)[nH]c(=O)[nH]1,1,164.0
PKM2,O=C(Cc1cccs1)N1CCCC(c2ncc3nnn(Cc4ccccc4)c3n2)C1,1,165.0
PKM2,O=C(Cc1cccs1)N1CCN(S(=O)(=O)c2ccccc2)CC1,1,166.0
PKM2,O=C(Cc1coc2ccccc12)N1CCN(S(=O)(=O)c2cccs2)CC1,1,167.0
PKM2,O=C(Cn1cc(C=C2NC(=S)NC2=O)c2ccccc21)NCc1ccco1,1,168.0
PKM2,O=C(Cn1cnnn1)Nc1cccc(S(=O)(=O)N2CCCCC2)c1,1,169.0
PKM2,O=C(Cn1nnc(-c2ccccc2)n1)N1CCN(S(=O)(=O)c2ccccc2)CC1,1,170.0
PKM2,O=C(Cn1nnc(-c2ccccc2)n1)c1ccc(S(=O)(=O)N2CCCC2)cc1,1,171.0
PKM2,O=C(Cn1sc2ncccc2c1=O)N1CCC(Cc2ccccc2)CC1,1,172.0
PKM2,O=C(Cn1sc2ncccc2c1=O)Nc1ccccc1,1,173.0
PKM2,O=C(NC1CC1)C1=CC(c2csc3ccccc23)CCO1,1,174.0
PKM2,O=C(NC=Cc1ccco1)OCc1ccccc1,1,175.0
PKM2,O=C(NCCN1C(=O)SC(=Cc2cccnc2)C1=O)c1ccccc1,1,176.0
PKM2,O=C(NCCN1C(=O)SC(=Cc2cccs2)C1=O)c1cccnc1,1,177.0
PKM2,O=C(NCCOC(=O)c1ccc(C(=O)OCCNC(=O)c2cccnc2)s1)c1cccnc1,1,178.0
PKM2,O=C(NCCc1ccco1)c1ccc2[nH]ccc2c1,1,179.0
PKM2,O=C(NCc1ccc(C=c2sc3n(c2=O)CCN=3)o1)C(=O)Nc1ccccc1,1,180.0
PKM2,O=C(NCc1ccc2c(c1)OCO2)C1CCN(S(=O)(=O)c2cccs2)CC1,1,181.0
PKM2,O=C(NCc1ccc2c(c1)OCO2)c1c[nH]c(=S)s1,1,182.0
PKM2,O=C(NCc1ccc2c(c1)OCO2)c1ccc(NS(=O)(=O)c2ccccc2)cc1,1,183.0
PKM2,O=C(NCc1cccc2ccccc12)c1ccccc1,1,184.0
PKM2,O=C(NCc1ccccc1)C1=CCN(S(=O)(=O)c2ccccc2)CC1,1,185.0
PKM2,O=C(NCc1ccccc1)C1CCN(S(=O)(=O)c2ccc3c(c2)OCCO3)CC1,1,186.0
PKM2,O=C(NCc1ccccc1)C1CCN(S(=O)(=O)c2ccccc2)CC1,1,187.0
PKM2,O=C(NCc1ccccc1)C1CCN(S(=O)(=O)c2cccs2)CC1,1,188.0
PKM2,O=C(NCc1cccnc1)c1cc(-c2ccco2)on1,1,189.0
PKM2,O=C(NCc1ccco1)C1CCCN1C(=O)c1cccs1,1,190.0
PKM2,O=C(NCc1ccco1)C1CCN(S(=O)(=O)c2ccccc2)CC1,1,191.0
PKM2,O=C(NCc1ccco1)C1c2ccccc2C(=O)N2CCc3ccccc3C12,1,192.0
PKM2,O=C(NCc1ccco1)c1cc2c(-c3ccccc3)n[nH]c2s1,1,193.0
PKM2,O=C(NCc1ccco1)c1cc2ccccc2o1,1,194.0
PKM2,O=C(NCc1ccco1)c1ccc(NS(=O)(=O)c2ccccc2)cc1,1,195.0
PKM2,O=C(NCc1ccco1)c1ccc2c(c1)N=Cc1ccccc1S2,1,196.0
PKM2,O=C(NCc1ccco1)c1ccccc1Oc1ccccc1,1,197.0
PKM2,O=C(NCc1ccco1)c1cccn2c(=O)c3c4c(sc3nc12)CCCC4,1,198.0
PKM2,O=C(NCc1cccs1)C1CCN(S(=O)(=O)c2ccc3c(c2)OCCO3)CC1,1,199.0
PKM2,O=C(NCc1cccs1)C1CCN(S(=O)(=O)c2ccccc2)CC1,1,200.0
PKM2,O=C(NCc1cccs1)C1CCN(S(=O)(=O)c2cccs2)CC1,1,201.0
PKM2,O=C(NCc1cccs1)c1ccccc1,1,202.0
PKM2,O=C(NCc1nnc2ccccn12)c1ccco1,1,203.0
PKM2,O=C(NCc1nnc2ccccn12)c1cccs1,1,204.0
PKM2,O=C(NN=Cc1ccc(N2CCOCC2)o1)c1ccccc1,1,205.0
PKM2,O=C(NN=Cc1ccccc1)c1cc(-c2ccco2)nc2ccccc12,1,206.0
PKM2,O=C(NN=Cc1ccccc1)c1ccn(-c2ccccc2)c1,1,207.0
PKM2,O=C(NN=Cc1cn(Cc2ccccc2)c(=O)s1)c1ccc2ccccc2c1,1,208.0
PKM2,O=C(NNc1ccccc1)c1cccs1,1,209.0
PKM2,O=C(NS(=O)(=O)c1ccccc1)c1c[nH]c(=O)[nH]c1=O,1,210.0
PKM2,O=C(Nc1ccc(N2CCOCC2)c(S(=O)(=O)Nc2ccccc2)c1)c1ccc[nH]1,1,211.0
PKM2,O=C(Nc1ccc(S(=O)(=O)Nc2ccccc2)cc1)C1CC2C=CC1O2,1,212.0
PKM2,O=C(Nc1ccc2[nH]c(=O)[nH]c2c1)c1ccccc1,1,213.0
PKM2,O=C(Nc1ccccc1)N(Cc1cnc2ccccc2c1)Cc1ccco1,1,214.0
PKM2,O=C(Nc1ccccc1)c1ccc[nH]1,1,215.0
PKM2,O=C(Nc1ccccc1)c1cccc(N2C(=O)C=CC2=O)c1,1,216.0
PKM2,O=C(Nc1ccccc1)c1ccccc1,1,217.0
PKM2,O=C(Nc1ccon1)c1ccccc1,1,218.0
PKM2,O=C(Nc1cn(Cc2ccccc2)c(=O)[nH]c1=O)c1cc2c(s1)CCC2,1,219.0
PKM2,O=C(Nc1nc(-c2ccccc2)cs1)c1ccc[nH]1,1,220.0
PKM2,O=C(Nc1nc(-c2ccn(Cc3ccco3)c2)cs1)c1cccnc1,1,221.0
PKM2,O=C(Nc1ncc2c(n1)CC(c1ccco1)CC2=O)c1ccco1,1,222.0
PKM2,O=C(Nc1nccs1)c1ccc(Cn2cccn2)o1,1,223.0
PKM2,O=C(Nc1nnc(SCc2ccccc2)s1)C1CC(=O)N(Cc2ccccc2)C1,1,224.0
PKM2,O=C(OCCOc1ncncn1)c1ccccc1,1,225.0
PKM2,O=C(OCc1ccc2c(c1)OCO2)c1ccc(S(=O)(=O)N2CCCC2)cc1,1,226.0
PKM2,O=C(OCc1cscn1)c1ccc(S(=O)(=O)N2CCCC2)cc1,1,227.0
PKM2,O=C(c1cc(-c2ccccn2)nc2ccccc12)N1CCN(S(=O)(=O)c2ccccc2)CC1,1,228.0
PKM2,O=C(c1cc(-c2ccco2)nc2ccccc12)N1CCN(c2ncccn2)CC1,1,229.0
PKM2,O=C(c1ccc(-c2ccccc2)[nH]1)N(Cc1ccccc1)Cc1ccncc1,1,230.0
PKM2,O=C(c1ccc(S(=O)(=O)NCc2ccco2)cc1)N1CC[NH+](Cc2ccccc2)CC1,1,231.0
PKM2,O=C(c1ccc(S(=O)(=O)c2ccccc2)cc1)N1CC[NH+](Cc2ccccc2)CC1,1,232.0
PKM2,O=C(c1ccc([N-]S(=O)(=O)c2ccccc2)cc1)N1CCN(c2ccccc2)CC1,1,233.0
PKM2,O=C(c1ccc([N-]S(=O)(=O)c2ccccc2)cc1)N1CC[NH+](Cc2ccc3c(c2)OCO3)CC1,1,234.0
PKM2,O=C(c1ccc([N-]S(=O)(=O)c2cccs2)cc1)N1CCN(c2ccccc2)CC1,1,235.0
PKM2,O=C(c1ccc2c(=O)n(Cc3ccccc3)c(=O)[nH]c2c1)N1CC[NH+](Cc2ccccc2)CC1,1,236.0
PKM2,O=C(c1ccc2c(=O)n(Cc3ccco3)c(=S)[nH]c2c1)N1CC[NH+](Cc2ccccc2)CC1,1,237.0
PKM2,O=C(c1ccccc1)N1CC2Cc3c(ccn3Cc3ccco3)C2C1Cc1ccccc1,1,238.0
PKM2,O=C(c1ccccc1)N1CCC(n2cnc3ccccc32)CC1,1,239.0
PKM2,O=C(c1ccccc1)N1CCC2(CC(c3ccccc3)=NO2)C1,1,240.0
PKM2,O=C(c1ccccc1)N1CCCC(CNS(=O)(=O)c2ccccc2)C1,1,241.0
PKM2,O=C(c1ccccc1)N1CC[NH+](Cc2ccccc2)CC1,1,242.0
PKM2,O=C(c1ccco1)N1CCN(C(=O)c2cc3cnc4ccccc4c3s2)CC1,1,243.0
PKM2,O=C(c1ccco1)N1CC[NH+](C(c2cnc3ccccc3c2)c2nnn[nH]2)CC1,1,244.0
PKM2,O=C(c1cccs1)N1CCN(S(=O)(=O)c2ccccc2)CC1,1,245.0
PKM2,O=C(c1ccn[nH]1)N1CCC(Cc2ccccc2)CC1,1,246.0
PKM2,O=C1CC(Sc2ccccc2)C(=O)N1c1cc2c(s1)CCCC2,1,247.0
PKM2,O=C1CC(Sc2nnc(-c3ccccc3)o2)C(=O)N1c1ccccc1,1,248.0
PKM2,O=C1CC(Sc2nnnn2-c2ccccc2)C(=O)N1c1ccccc1,1,249.0
PKM2,O=C1CC(c2ccc(OCCCCCOc3ccc(C4CC(=O)NC4=O)cc3)cc2)C(=O)N1,1,250.0
PKM2,O=C1CC(c2ccccc2)Cc2[nH]c(C(=O)N3CCOCC3)cc21,1,251.0
PKM2,O=C1CC(c2ccccc2)N2CC[NH2+]C2=C1C(=O)Nc1ccccc1,1,252.0
PKM2,O=C1CC(c2ccco2)Cc2[nH]ccc21,1,253.0
PKM2,O=C1CN(C(=O)CSc2ncnc3sccc23)c2ccccc2N1,1,254.0
PKM2,O=C1CN(S(=O)(=O)c2ccccc2)CCN1S(=O)(=O)c1ccccc1,1,255.0
PKM2,O=C1CN(c2nc3nonc3nc2NC2CC2)CCN1Cc1ccccc1,1,256.0
PKM2,O=C1COc2ccc(C(=O)CSc3nncs3)cc2N1,1,257.0
PKM2,O=C1COc2ccc(C(=O)CSc3nnnn3-c3ccccc3)cc2N1,1,258.0
PKM2,O=C1COc2ccc(S(=O)(=O)N3CCc4ccccc43)cc2N1,1,259.0
PKM2,O=C1Cc2cc(S(=O)(=O)NCc3ccccc3)ccc2N1,1,260.0
PKM2,O=C1Cc2cc(S(=O)(=O)Nc3ccccc3)ccc2N1,1,261.0
PKM2,O=C1N(Cc2ccccc2)CC2CC(c3c[nH]nc3-c3ccccc3)[NH+]3CCCC123,1,262.0
PKM2,O=C1NC(=Cc2ccc(-c3ccccc3)o2)C(=O)N1Cc1ccccc1,1,263.0
PKM2,O=C1NC(=O)C(=C[NH2+]CCc2ccccc2)C(=O)N1,1,264.0
PKM2,O=C1NC(=O)C(=Cc2ccco2)S1,1,265.0
PKM2,O=C1NC(=O)C(=Cc2ccn(-c3cc4c(s3)CCCC4)c2)C(=O)N1,1,266.0
PKM2,O=C1NC(=O)C(=Cc2coc3ccccc3c2=O)C(=O)N1,1,267.0
PKM2,O=C1NC(=O)N(Cc2ccccc2)C(=O)C1=C[NH2+]Cc1ccc2c(c1)OCO2,1,268.0
PKM2,O=C1NC(=O)N(Cc2ccco2)C(=O)C1=C[NH2+]Cc1cccs1,1,269.0
PKM2,O=C1NC(=O)N(c2ccc3c(c2)OCO3)C(=O)C1=Cc1ccc(-c2ccccc2)o1,1,270.0
PKM2,O=C1NC(=O)N(c2ccc3c(c2)OCO3)C(=O)C1=Cc1cccs1,1,271.0
PKM2,O=C1NC(=O)N(c2ccccc2)C(=O)C1=Cc1ccc(-c2ccccc2)o1,1,272.0
PKM2,O=C1NC(=O)c2cc(S(=O)(=O)Nc3ccccc3)cc3cccc1c23,1,273.0
PKM2,O=C1NC(=O)c2cccc3cccc1c23,1,274.0
PKM2,O=C1NC(=S)N(c2ccccc2)C(=O)C1=Cc1cccs1,1,275.0
PKM2,O=C1NC(=S)NC1=Cc1ccco1,1,276.0
PKM2,O=C1NC(=[NH+]c2ccccc2)SC1=Cc1ccco1,1,277.0
PKM2,O=C1NC(c2ccc(-c3ccccc3)o2)Nc2ccccc21,1,278.0
PKM2,O=C1NC=C(C(=O)Nc2ccccc2)C(c2ccccc2)N1,1,279.0
PKM2,O=C1NCC[NH+](Cc2ccccc2)C1CC(=O)N1CCCO1,1,280.0
PKM2,O=C1NN(c2ccccc2)C(=O)C1=Cc1ccccc1OCC(=O)N1CCOCC1,1,281.0
PKM2,O=C1Nc2ccc(S(=O)(=O)Nc3nccs3)c3cccc1c23,1,282.0
PKM2,O=C1OC=CC1=Cc1ccc(-c2ccccc2)o1,1,283.0
PKM2,O=C1OCCC1Sc1nnc2c(n1)[nH]c1ccccc12,1,284.0
PKM2,O=C1OCc2cc([N-]S(=O)(=O)c3ccccc3)ccc21,1,285.0
PKM2,O=C1ON=CC1=Cc1ccc(OCc2ccccc2)cc1,1,286.0
PKM2,O=C1c2ccccc2-c2ccccc21,1,287.0
PKM2,O=C1c2ccccc2C(=O)N1CCc1ccccc1,1,288.0
PKM2,O=C1c2ccnn2CCN1Cc1ccccc1,1,289.0
PKM2,O=C1c2oc3ccccc3c(=O)c2C(c2ccccc2)N1Cc1ccco1,1,290.0
PKM2,O=C1c2sc3nccc(=O)n3c2C(=O)N1Cc1ccccc1,1,291.0
PKM2,O=S(=O)(C=CNc1ccccn1)c1ccccc1,1,292.0
PKM2,O=S(=O)(CCSc1ccccn1)c1ccccc1,1,293.0
PKM2,O=S(=O)(Cc1ccccc1)c1nnco1,1,294.0
PKM2,O=S(=O)(N=c1cccc[nH]1)c1ccccc1,1,295.0
PKM2,O=S(=O)(NC1CCCCC1)c1ccc(S(=O)(=O)N2CCCCC2)cc1,1,296.0
PKM2,O=S(=O)(NCC(c1cccnc1)[NH+]1CCc2ccccc2C1)c1ccccc1,1,297.0
PKM2,O=S(=O)(NCC1CCN(S(=O)(=O)c2ccccc2)CC1)c1ccccc1,1,298.0
PKM2,O=S(=O)(NCCCNc1ccccc1)c1ccccc1,1,299.0
PKM2,O=S(=O)(NCCNc1ncccn1)c1ccccc1,1,300.0
PKM2,O=S(=O)(NCc1cccnc1)c1cccn1-c1ccccn1,1,301.0
PKM2,O=S(=O)(Nc1cc2c(s1)CCC2)c1ccccc1,1,302.0
PKM2,O=S(=O)(Nc1ccc(-c2nnco2)cc1)c1ccccc1,1,303.0
PKM2,O=S(=O)(Nc1ccc(N2CCOCC2)nn1)c1ccccc1,1,304.0
PKM2,O=S(=O)(Nc1ccc(S(=O)(=O)Nc2nccs2)cc1)c1ccccc1,1,305.0
PKM2,O=S(=O)(Nc1ccc2c(c1)OCO2)c1ccccc1,1,306.0
PKM2,O=S(=O)(Nc1ccc2ccccc2n1)c1ccc2c(c1)CCO2,1,307.0
PKM2,O=S(=O)(Nc1cccc2cccnc12)c1ccccc1,1,308.0
PKM2,O=S(=O)(Nc1ccccc1)c1ccc(-c2cocn2)cc1,1,309.0
PKM2,O=S(=O)(Nc1ccccc1)c1ccc2c(c1)CCN2,1,310.0
PKM2,O=S(=O)(Nc1ccccc1)c1ccc2c(c1)CCO2,1,311.0
PKM2,O=S(=O)(Nc1ccccc1)c1ccc2ncccc2c1,1,312.0
PKM2,O=S(=O)(Nc1ccccc1)c1ccc2ncsc2c1,1,313.0
PKM2,O=S(=O)(Nc1ccccc1)c1cccs1,1,314.0
PKM2,O=S(=O)(Nc1ccccn1)c1ccccc1,1,315.0
PKM2,O=S(=O)(Nc1nccs1)c1ccc(NS(=O)(=O)c2cccs2)cc1,1,316.0
PKM2,O=S(=O)(Oc1ccccc1)c1ccccc1,1,317.0
PKM2,O=S(=O)(c1ccc2c(c1)CCN2)N1CCc2ccccc21,1,318.0
PKM2,O=S(=O)(c1ccc2c(c1)OCCO2)N1CCC(n2cnc3ccccc32)CC1,1,319.0
PKM2,O=S(=O)(c1ccc2c(c1)OCCO2)N1CCC(n2nnc3ccccc32)CC1,1,320.0
PKM2,O=S(=O)(c1ccc2c(c1)OCCO2)N1CCC[NH2+]CC1,1,321.0
PKM2,O=S(=O)(c1ccc2c(c1)OCCO2)N1CCN(c2nc3ccccc3s2)CC1,1,322.0
PKM2,O=S(=O)(c1ccc2c(c1)OCCO2)N1CCNCC1,1,323.0
PKM2,O=S(=O)(c1ccc2c(c1)OCCO2)N1CC[NH+](Cc2ccc3c(c2)OCO3)CC1,1,324.0
PKM2,O=S(=O)(c1ccc2c(c1)OCCO2)N1CCc2ccccc2C1,1,325.0
PKM2,O=S(=O)(c1ccc2ccccc2c1)N1CCC[NH2+]CC1,1,326.0
PKM2,O=S(=O)(c1ccc2ccccc2c1)N1CCN(c2cccc(Sc3nnc[nH]3)c2)CC1,1,327.0
PKM2,O=S(=O)(c1ccc2ccccc2c1)N1CCN=C1SCc1cccnc1,1,328.0
PKM2,O=S(=O)(c1ccc2ncsc2c1)N1CCc2ccccc21,1,329.0
PKM2,O=S(=O)(c1ccccc1)N1CCC(n2cnc3ccccc32)CC1,1,330.0
PKM2,O=S(=O)(c1ccccc1)N1CCCN(S(=O)(=O)c2ccc3c(c2)OCCO3)CC1,1,331.0
PKM2,O=S(=O)(c1ccccc1)N1CCCN(S(=O)(=O)c2ccc3ccccc3c2)CC1,1,332.0
PKM2,O=S(=O)(c1ccccc1)N1CCN(C(=S)NCc2ccco2)CC1,1,333.0
PKM2,O=S(=O)(c1ccccc1)N1CCN(S(=O)(=O)c2ccccc2)CC1,1,334.0
PKM2,O=S(=O)(c1ccccc1)N1CCNCC1,1,335.0
PKM2,O=S(=O)(c1ccccc1)N1CC[NH+](Cc2ccc3c(c2)OCO3)CC1,1,336.0
PKM2,O=S(=O)(c1ccccc1)N1CCc2ccccc2C1,1,337.0
PKM2,O=S(=O)(c1cccs1)n1cc(Sc2ccccc2)cn1,1,338.0
PKM2,O=c1[nH]c(=O)c2[nH]c(-c3ccccc3)cc2[nH]1,1,339.0
PKM2,O=c1[nH]c(=O)c2cc(S(=O)(=O)Nc3ccc4c(c3)OCO4)ccc2[nH]1,1,340.0
PKM2,O=c1[nH]c(=O)c2nc3c4ccccc4c4ccccc4c3nc2[nH]1,1,341.0
PKM2,O=c1[nH]c(=O)n(Cc2ccccc2)cc1C(c1ccccc1)[NH+]1CCOCC1,1,342.0
PKM2,O=c1[nH]c(SCc2cscn2)nc2scc(-c3ccco3)c12,1,343.0
PKM2,O=c1[nH]c2ccc(S(=O)(=O)N3CCc4ccccc43)cc2[nH]c1=O,1,344.0
PKM2,O=c1[nH]c2ccc(S(=O)(=O)NCc3ccccc3)cc2[nH]1,1,345.0
PKM2,O=c1[nH]c2ccc(S(=O)(=O)Nc3ccc4c(c3)OCO4)cc2o1,1,346.0
PKM2,O=c1[nH]c2nc(OCc3cccnc3)[nH]c2c(=O)n1Cc1ccccc1,1,347.0
PKM2,O=c1[nH]cc(Sc2ccccc2)c(=O)[nH]1,1,348.0
PKM2,O=c1c(-c2nncn2-c2ccccc2)coc2ccccc12,1,349.0
PKM2,O=c1c(=Cc2ccco2)sc2nnc(-c3ccccc3)n12,1,350.0
PKM2,O=c1c(Cc2ccccc2)cccn1Cc1ccncc1,1,351.0
PKM2,O=c1c2[nH]c3ccsc3c2cnn1Cc1ccccc1,1,352.0
PKM2,O=c1c2cc3c([nH+]c2ccn1Cc1ccccc1)CCC3,1,353.0
PKM2,O=c1c2ccccc2[nH]c(=S)n1Cc1cccnc1,1,354.0
PKM2,O=c1c2ccccc2sc2ncn(Cc3ccco3)c(=O)c12,1,355.0
PKM2,O=c1c2ccccc2sn1-c1cccc(S(=O)(=O)Nc2ccccc2)c1,1,356.0
PKM2,O=c1c2sccc2nc(SCc2cc(=O)n3ccccc3n2)n1Cc1ccccn1,1,357.0
PKM2,O=c1cc(CSc2nnnn2-c2ccccc2)nc2scc(-c3ccccc3)n12,1,358.0
PKM2,O=c1cc(CSc2nnnn2-c2ccccc2)nc2sccn12,1,359.0
PKM2,O=c1cc(N2CCN(S(=O)(=O)c3ccccc3)CC2)cn[nH]1,1,360.0
PKM2,O=c1cc(SCc2ccccc2)cn[nH]1,1,361.0
PKM2,O=c1ccc2cc(S(=O)(=O)n3cccn3)ccc2o1,1,362.0
PKM2,O=c1ccc2ccc(NS(=O)(=O)c3ccccc3)cc2o1,1,363.0
PKM2,O=c1ccc2ccccc2o1,1,364.0
PKM2,O=c1oc2ccc(NS(=O)(=O)c3cccc4cccnc34)cc2s1,1,365.0
PKM2,S=C(NCCc1ccccc1)Nc1ccccc1,1,366.0
PKM2,S=C(c1ccc(-c2ccccc2)o1)N1CCOCC1,1,367.0
PKM2,S=C(c1ccccc1)N1CCN(c2ccccc2)CC1,1,368.0
PKM2,S=P(Nn1cnnc1)(c1ccccc1)c1ccccc1,1,369.0
PKM2,[NH2+]=C(NOC(=O)Cc1cccc2ccccc12)c1ccccc1,1,370.0
PKM2,[NH2+]=C1C(=Cc2coc3ccccc3c2=O)C(=O)[NH+]=C2SC=CN12,1,371.0
PKM2,[NH2+]=c1c2c(ncn1CC[NH+]1CCOCC1)Oc1ccc3ccccc3c1C2c1ccccc1,1,372.0
PKM2,c1ccc(-c2c[nH]c[nH+]2)cc1,1,373.0
PKM2,c1ccc(-c2ccco2)cc1,1,374.0
PKM2,c1ccc(-c2csc3nc(CSc4nncs4)ncc23)cc1,1,375.0
PKM2,c1ccc(-c2csc3nc(C[NH+]4CCN(c5ccccc5)CC4)ncc23)cc1,1,376.0
PKM2,c1ccc(-c2csc3ncncc23)cc1,1,377.0
PKM2,c1ccc(-c2nnc(Cn3cnc4ccccc43)o2)cc1,1,378.0
PKM2,c1ccc(-c2nncn2-c2ccccc2)cc1,1,379.0
PKM2,c1ccc(-c2nnn(Cc3ncc4c(-c5ccccc5)csc4n3)n2)cc1,1,380.0
PKM2,c1ccc(-c2noc(C[NH2+]CCC3CCCCO3)n2)cc1,1,381.0
PKM2,c1ccc(-n2ccc(-c3ccco3)n2)cc1,1,382.0
PKM2,c1ccc(-n2ncc3c(N4CCCC4)ncnc32)cc1,1,383.0
PKM2,c1ccc(-n2nnnc2Sc2ccccn2)cc1,1,384.0
PKM2,c1ccc(C(c2nnn[nH]2)[NH+]2CCN(c3nc4ccccc4s3)CC2)cc1,1,385.0
PKM2,c1ccc(C2=NNC(c3ccco3)C2)cc1,1,386.0
PKM2,c1ccc(C2CC(c3cccnc3)=NN2)cc1,1,387.0
PKM2,c1ccc(C2CC(c3ccncc3)=NN2)cc1,1,388.0
PKM2,c1ccc(CCn2cnc3ccccc32)cc1,1,389.0
PKM2,c1ccc(CNc2ccc3c(c2)ncn3Cc2ccccc2)cc1,1,390.0
PKM2,c1ccc(CNc2ccccc2)cc1,1,391.0
PKM2,c1ccc(CNc2nc3ccccc3[nH]2)cc1,1,392.0
PKM2,c1ccc(CONc2ncnc3nonc23)cc1,1,393.0
PKM2,c1ccc(CSCc2nnc[nH]2)cc1,1,394.0
PKM2,c1ccc(CSc2ccncn2)cc1,1,395.0
PKM2,c1ccc(CSc2ncnc3c2cnn3Cc2ccccc2)cc1,1,396.0
PKM2,c1ccc(CSc2ncnc3ccccc23)cc1,1,397.0
PKM2,c1ccc(CSc2ncnc3sccc23)cc1,1,398.0
PKM2,c1ccc(C[NH+](Cc2cnc3cc4c(cc3c2)OCCO4)Cc2nnnn2Cc2ccco2)cc1,1,399.0
PKM2,c1ccc(Cn2cncc3ncnc2-3)cc1,1,400.0
PKM2,c1ccc(Cn2ncc3c(N4CCCC4)ncnc32)cc1,1,401.0
PKM2,c1ccc(Cn2nnc3c(-n4ccnc4)ncnc32)cc1,1,402.0
PKM2,c1ccc(Cn2nnc3c(N4CCc5ccccc5C4)ncnc32)cc1,1,403.0
PKM2,c1ccc(NCC2COc3ccccc3O2)cc1,1,404.0
PKM2,c1ccc(Nc2c(-c3ccco3)nc3ccccn23)cc1,1,405.0
PKM2,c1ccc(Nc2c(-c3ccco3)nc3cnccn23)cc1,1,406.0
PKM2,c1ccc(Nc2nc(-c3ccco3)cs2)cc1,1,407.0
PKM2,c1ccc(OCCn2cnc3ccccc32)cc1,1,408.0
PKM2,c1ccc(OCc2nnnn2-c2ccccc2)cc1,1,409.0
PKM2,c1ccc(Oc2ncncn2)cc1,1,410.0
PKM2,c1ccc(Sc2ccn[nH]2)cc1,1,411.0
PKM2,c1ccc2[nH]c(CCCCCCc3nc4ccccc4[nH]3)nc2c1,1,412.0
PKM2,c1ccc2[nH]ccc2c1,1,413.0
PKM2,c1ccc2[nH]cnc2c1,1,414.0
PKM2,c1ccc2c(SCc3cn4ccccc4[nH+]3)nncc2c1,1,415.0
PKM2,c1ccc2c(SCc3cn4ccccc4n3)nncc2c1,1,416.0
PKM2,c1ccc2c(c1)Cc1ccccc1-2,1,417.0
PKM2,c1ccc2c(c1)OCCO2,1,418.0
PKM2,c1ccc2c(c1)ccc1nnc(SCc3ccc4c(c3)OCCO4)n12,1,419.0
PKM2,c1ccc2c(c1)ncn2Cc1nnc2sc(-c3ccc4c(c3)OCO4)nn12,1,420.0
PKM2,c1ccc2c(c1)ncn2Cc1nnc2sc(-c3ccncc3)nn12,1,421.0
PKM2,c1ccccc1,1,422.0
PKM2,c1ccn2cc[nH+]c2c1,1,423.0
PKM2,c1ccoc1,1,424.0
PKM2,c1cncc(CSc2nnc3ccc(-c4cccs4)nn23)c1,1,425.0
PKM2,c1csc(CSc2nnc3sc4ccccc4n23)c1,1,426.0
PKM2,c1cscn1,1,427.0
